{"$schema":"http://schema.management.azure.com/schemas/2015-01-01/deploymentTemplate.json#","contentVersion":"1.0.0.0","parameters":{"factoryName":{"type":"string","metadata":"Data Factory name"},"AzureSqlDatabase1":{"type":"string"},"ls_datalake":{"type":"string"}},"variables":{"factoryId":"[concat('Microsoft.DataFactory/factories/', parameters('factoryName'))]"},"resources":[{"name":"[concat(parameters('factoryName'), '/SQLDB_to_Datalake')]","type":"Microsoft.DataFactory/factories/pipelines","apiVersion":"2018-06-01","properties":{"activities":[{"name":"SQLDataLoad","type":"Copy","dependsOn":[{"activity":"lastloadlookup","dependencyConditions":["Succeeded"]},{"activity":"MaxBookingDate","dependencyConditions":["Succeeded"]}],"policy":{"timeout":"0.12:00:00","retry":0,"retryIntervalInSeconds":30,"secureOutput":false,"secureInput":false},"userProperties":[],"typeProperties":{"source":{"type":"AzureSqlSource","sqlReaderQuery":{"value":"select * from dbo.FactBookings \nwhere booking_date > '@{activity('lastloadlookup').output.firstRow.lastload}'\nand booking_date <= '@{activity('MaxBookingDate').output.firstRow.MAX_DATE}'","type":"Expression"},"queryTimeout":"02:00:00","partitionOption":"None"},"sink":{"type":"ParquetSink","storeSettings":{"type":"AzureBlobFSWriteSettings"},"formatSettings":{"type":"ParquetWriteSettings"}},"enableStaging":false,"translator":{"type":"TabularTranslator","typeConversion":true,"typeConversionSettings":{"allowDataTruncation":true,"treatBooleanAsNumber":false}}},"inputs":[{"referenceName":"AzureSqlTable1","type":"DatasetReference","parameters":{}}],"outputs":[{"referenceName":"parquet_SQL_dump","type":"DatasetReference","parameters":{}}]},{"name":"lastloadlookup","type":"Lookup","dependsOn":[],"policy":{"timeout":"0.12:00:00","retry":0,"retryIntervalInSeconds":30,"secureOutput":false,"secureInput":false},"userProperties":[],"typeProperties":{"source":{"type":"JsonSource","storeSettings":{"type":"AzureBlobFSReadSettings","recursive":true,"enablePartitionDiscovery":false},"formatSettings":{"type":"JsonReadSettings"}},"dataset":{"referenceName":"LastLoadJSON","type":"DatasetReference","parameters":{}},"firstRowOnly":true}},{"name":"MaxBookingDate","type":"Lookup","dependsOn":[],"policy":{"timeout":"0.12:00:00","retry":0,"retryIntervalInSeconds":30,"secureOutput":false,"secureInput":false},"userProperties":[],"typeProperties":{"source":{"type":"AzureSqlSource","sqlReaderQuery":"SELECT MAX(booking_date) as MAX_DATE from dbo.FactBookings","queryTimeout":"02:00:00","partitionOption":"None"},"dataset":{"referenceName":"AzureSqlTable1","type":"DatasetReference","parameters":{}}}},{"name":"Watermark","type":"Copy","dependsOn":[{"activity":"SQLDataLoad","dependencyConditions":["Succeeded"]}],"policy":{"timeout":"0.12:00:00","retry":0,"retryIntervalInSeconds":30,"secureOutput":false,"secureInput":false},"userProperties":[],"typeProperties":{"source":{"type":"JsonSource","additionalColumns":[{"name":"lastload","value":{"value":"@activity('MaxBookingDate').output.firstRow.MAX_DATE","type":"Expression"}}],"storeSettings":{"type":"AzureBlobFSReadSettings","recursive":true,"enablePartitionDiscovery":false},"formatSettings":{"type":"JsonReadSettings"}},"sink":{"type":"JsonSink","storeSettings":{"type":"AzureBlobFSWriteSettings"},"formatSettings":{"type":"JsonWriteSettings"}},"enableStaging":false},"inputs":[{"referenceName":"Json_empty","type":"DatasetReference","parameters":{}}],"outputs":[{"referenceName":"LastLoadJSON","type":"DatasetReference","parameters":{}}]}],"policy":{"elapsedTimeMetric":{}},"annotations":[]},"dependsOn":["[concat(variables('factoryId'), '/datasets/AzureSqlTable1')]","[concat(variables('factoryId'), '/datasets/parquet_SQL_dump')]","[concat(variables('factoryId'), '/datasets/LastLoadJSON')]","[concat(variables('factoryId'), '/datasets/Json_empty')]"]},{"name":"[concat(parameters('factoryName'), '/AzureSqlTable1')]","type":"Microsoft.DataFactory/factories/datasets","apiVersion":"2018-06-01","properties":{"linkedServiceName":{"referenceName":"[parameters('AzureSqlDatabase1')]","type":"LinkedServiceReference"},"annotations":[],"type":"AzureSqlTable","schema":[{"name":"booking_id","type":"int","precision":10},{"name":"passenger_id","type":"int","precision":10},{"name":"flight_id","type":"int","precision":10},{"name":"airline_id","type":"int","precision":10},{"name":"origin_airport_id","type":"int","precision":10},{"name":"destination_airport_id","type":"int","precision":10},{"name":"booking_date","type":"date"},{"name":"ticket_cost","type":"decimal","precision":10,"scale":2},{"name":"flight_duration_mins","type":"int","precision":10},{"name":"checkin_status","type":"varchar"}],"typeProperties":{"schema":"dbo","table":"FactBookings"}},"dependsOn":[]},{"name":"[concat(parameters('factoryName'), '/parquet_SQL_dump')]","type":"Microsoft.DataFactory/factories/datasets","apiVersion":"2018-06-01","properties":{"linkedServiceName":{"referenceName":"[parameters('ls_datalake')]","type":"LinkedServiceReference"},"annotations":[],"type":"Parquet","typeProperties":{"location":{"type":"AzureBlobFSLocation","folderPath":"SQL_OP","fileSystem":"bronzedata"},"compressionCodec":"snappy"},"schema":[]},"dependsOn":[]},{"name":"[concat(parameters('factoryName'), '/LastLoadJSON')]","type":"Microsoft.DataFactory/factories/datasets","apiVersion":"2018-06-01","properties":{"linkedServiceName":{"referenceName":"[parameters('ls_datalake')]","type":"LinkedServiceReference"},"annotations":[],"type":"Json","typeProperties":{"location":{"type":"AzureBlobFSLocation","fileName":"lastload.json","folderPath":"monitor","fileSystem":"bronzedata"}},"schema":{"type":"object","properties":{"lastload":{"type":"string"}}}},"dependsOn":[]},{"name":"[concat(parameters('factoryName'), '/Json_empty')]","type":"Microsoft.DataFactory/factories/datasets","apiVersion":"2018-06-01","properties":{"linkedServiceName":{"referenceName":"[parameters('ls_datalake')]","type":"LinkedServiceReference"},"annotations":[],"type":"Json","typeProperties":{"location":{"type":"AzureBlobFSLocation","fileName":"empty.json","folderPath":"monitor","fileSystem":"bronzedata"}},"schema":{"type":"object","properties":{}}},"dependsOn":[]}]}