{"$schema":"http://schema.management.azure.com/schemas/2015-01-01/deploymentTemplate.json#","contentVersion":"1.0.0.0","parameters":{"factoryName":{"type":"string","metadata":"Data Factory name"},"Git Link":{"type":"string"},"ls_datalake":{"type":"string"}},"variables":{"factoryId":"[concat('Microsoft.DataFactory/factories/', parameters('factoryName'))]"},"resources":[{"name":"[concat(parameters('factoryName'), '/GIT_Data')]","type":"Microsoft.DataFactory/factories/pipelines","apiVersion":"2018-06-01","properties":{"activities":[{"name":"WebTest","type":"WebActivity","dependsOn":[],"policy":{"timeout":"0.12:00:00","retry":0,"retryIntervalInSeconds":30,"secureOutput":false,"secureInput":false},"userProperties":[],"typeProperties":{"method":"GET","headers":{},"url":"https://raw.githubusercontent.com/anshlambagit/AnshLambaYoutube/refs/heads/main/ADF_Project/DimAirport.json"}},{"name":"GitLoad","type":"Copy","dependsOn":[{"activity":"WebTest","dependencyConditions":["Succeeded"]}],"policy":{"timeout":"0.12:00:00","retry":0,"retryIntervalInSeconds":30,"secureOutput":false,"secureInput":false},"userProperties":[],"typeProperties":{"source":{"type":"JsonSource","storeSettings":{"type":"HttpReadSettings","requestMethod":"GET"},"formatSettings":{"type":"JsonReadSettings"}},"sink":{"type":"JsonSink","storeSettings":{"type":"AzureBlobFSWriteSettings"},"formatSettings":{"type":"JsonWriteSettings"}},"enableStaging":false,"translator":{"type":"TabularTranslator","mappings":[{"source":{"path":"$['airport_id']"},"sink":{"path":"$['airport_id']"}},{"source":{"path":"$['airport_name']"},"sink":{"path":"$['airport_name']"}},{"source":{"path":"$['city']"},"sink":{"path":"$['city']"}},{"source":{"path":"$['country']"},"sink":{"path":"$['country']"}}]}},"inputs":[{"referenceName":"Json_GIT","type":"DatasetReference","parameters":{}}],"outputs":[{"referenceName":"Json_ADLS_Sink","type":"DatasetReference","parameters":{}}]}],"policy":{"elapsedTimeMetric":{}},"annotations":[]},"dependsOn":["[concat(variables('factoryId'), '/datasets/Json_GIT')]","[concat(variables('factoryId'), '/datasets/Json_ADLS_Sink')]"]},{"name":"[concat(parameters('factoryName'), '/Json_GIT')]","type":"Microsoft.DataFactory/factories/datasets","apiVersion":"2018-06-01","properties":{"linkedServiceName":{"referenceName":"[parameters('Git Link')]","type":"LinkedServiceReference"},"annotations":[],"type":"Json","typeProperties":{"location":{"type":"HttpServerLocation","relativeUrl":"anshlambagit/AnshLambaYoutube/refs/heads/main/ADF_Project/DimAirport.json"}},"schema":{}},"dependsOn":[]},{"name":"[concat(parameters('factoryName'), '/Json_ADLS_Sink')]","type":"Microsoft.DataFactory/factories/datasets","apiVersion":"2018-06-01","properties":{"linkedServiceName":{"referenceName":"[parameters('ls_datalake')]","type":"LinkedServiceReference"},"annotations":[],"type":"Json","typeProperties":{"location":{"type":"AzureBlobFSLocation","folderPath":"git_onprem","fileSystem":"bronzedata"}},"schema":{}},"dependsOn":[]}]}