{"$schema":"http://schema.management.azure.com/schemas/2015-01-01/deploymentTemplate.json#","contentVersion":"1.0.0.0","parameters":{"factoryName":{"type":"string","metadata":"Data Factory name"},"FileServerPranav":{"type":"string"},"ls_datalake":{"type":"string"}},"variables":{"factoryId":"[concat('Microsoft.DataFactory/factories/', parameters('factoryName'))]"},"resources":[{"name":"[concat(parameters('factoryName'), '/OnPremFiles_Migration')]","type":"Microsoft.DataFactory/factories/pipelines","apiVersion":"2018-06-01","properties":{"activities":[{"name":"ForEachFile","type":"ForEach","dependsOn":[],"userProperties":[],"typeProperties":{"items":{"value":"@pipeline().parameters.file_name","type":"Expression"},"activities":[{"name":"OnPremMigrate","type":"Copy","dependsOn":[],"policy":{"timeout":"0.12:00:00","retry":1,"retryIntervalInSeconds":30,"secureOutput":false,"secureInput":false},"userProperties":[],"typeProperties":{"source":{"type":"DelimitedTextSource","storeSettings":{"type":"FileServerReadSettings","recursive":true,"enablePartitionDiscovery":false},"formatSettings":{"type":"DelimitedTextReadSettings"}},"sink":{"type":"DelimitedTextSink","storeSettings":{"type":"AzureBlobFSWriteSettings"},"formatSettings":{"type":"DelimitedTextWriteSettings","quoteAllText":true,"fileExtension":".txt"}},"enableStaging":false,"translator":{"value":"@if(equals(item().file_name,'DimAirline.csv'), pipeline().parameters.p_airline_mapping,if(equals(item().file_name, 'DimPassenger.csv'), pipeline().parameters.p_passenger_mapping, pipeline().parameters.p_flight_mapping))","type":"Expression"}},"inputs":[{"referenceName":"ds_on_prem","type":"DatasetReference","parameters":{"p_file_name":{"value":"@item().file_name","type":"Expression"}}}],"outputs":[{"referenceName":"ds_datalake_brz","type":"DatasetReference","parameters":{"p_filename":{"value":"@item().file_name","type":"Expression"}}}]}]}}],"policy":{"elapsedTimeMetric":{}},"parameters":{"file_name":{"type":"array","defaultValue":[{"file_name":"DimAirline.csv"},{"file_name":"DimFlight.csv"},{"file_name":"DimPassenger.csv"}]},"p_airline_mapping":{"type":"object","defaultValue":"{                     \"source\": {                         \"name\": \"airline_id\",                         \"type\": \"String\",                         \"physicalType\": \"String\"                     },                     \"sink\": {                         \"name\": \"airline_id\",                         \"type\": \"String\",                         \"physicalType\": \"String\"                     }                 },                 {                     \"source\": {                         \"name\": \"airline_name\",                         \"type\": \"String\",                         \"physicalType\": \"String\"                     },                     \"sink\": {                         \"name\": \"airline_name\",                         \"type\": \"String\",                         \"physicalType\": \"String\"                     }                 },                 {                     \"source\": {                         \"name\": \"country\",                         \"type\": \"String\",                         \"physicalType\": \"String\"                     },                     \"sink\": {                         \"name\": \"country\",                         \"type\": \"String\",                         \"physicalType\": \"String\"                     }                 }             ],             \"typeConversion\": true,             \"typeConversionSettings\": {                 \"allowDataTruncation\": true,                 \"treatBooleanAsNumber\": false             }         }     },     \"inputs\": [         {             \"referenceName\": \"ds_on_prem\",             \"type\": \"DatasetReference\",             \"parameters\": {                 \"p_file_name\": {                     \"value\": \"DimAirline.csv\",                     \"type\": \"Expression\"                 }             }         }"},"p_flight_mapping":{"type":"object","defaultValue":"{                     \"source\": {                         \"name\": \"flight_id\",                         \"type\": \"String\",                         \"physicalType\": \"String\"                     },                     \"sink\": {                         \"name\": \"flight_id\",                         \"type\": \"String\",                         \"physicalType\": \"String\"                     }                 },                 {                     \"source\": {                         \"name\": \"flight_number\",                         \"type\": \"String\",                         \"physicalType\": \"String\"                     },                     \"sink\": {                         \"name\": \"flight_number\",                         \"type\": \"String\",                         \"physicalType\": \"String\"                     }                 },                 {                     \"source\": {                         \"name\": \"departure_time\",                         \"type\": \"String\",                         \"physicalType\": \"String\"                     },                     \"sink\": {                         \"name\": \"departure_time\",                         \"type\": \"String\",                         \"physicalType\": \"String\"                     }                 },                 {                     \"source\": {                         \"name\": \"arrival_time\",                         \"type\": \"String\",                         \"physicalType\": \"String\"                     },                     \"sink\": {                         \"name\": \"arrival_time\",                         \"type\": \"String\",                         \"physicalType\": \"String\"                     }                 }             ],             \"typeConversion\": true,             \"typeConversionSettings\": {                 \"allowDataTruncation\": true,                 \"treatBooleanAsNumber\": false             }         }     },     \"inputs\": [         {             \"referenceName\": \"ds_on_prem\",             \"type\": \"DatasetReference\",             \"parameters\": {                 \"p_file_name\": {                     \"value\": \"DimFlight.csv\",                     \"type\": \"Expression\"                 }             }         }"},"p_passenger_mapping":{"type":"object","defaultValue":"{                     \"source\": {                         \"name\": \"passenger_id\",                         \"type\": \"String\",                         \"physicalType\": \"String\"                     },                     \"sink\": {                         \"name\": \"passenger_id\",                         \"type\": \"String\",                         \"physicalType\": \"String\"                     }                 },                 {                     \"source\": {                         \"name\": \"full_name\",                         \"type\": \"String\",                         \"physicalType\": \"String\"                     },                     \"sink\": {                         \"name\": \"full_name\",                         \"type\": \"String\",                         \"physicalType\": \"String\"                     }                 },                 {                     \"source\": {                         \"name\": \"gender\",                         \"type\": \"String\",                         \"physicalType\": \"String\"                     },                     \"sink\": {                         \"name\": \"gender\",                         \"type\": \"String\",                         \"physicalType\": \"String\"                     }                 },                 {                     \"source\": {                         \"name\": \"age\",                         \"type\": \"String\",                         \"physicalType\": \"String\"                     },                     \"sink\": {                         \"name\": \"age\",                         \"type\": \"String\",                         \"physicalType\": \"String\"                     }                 },                 {                     \"source\": {                         \"name\": \"country\",                         \"type\": \"String\",                         \"physicalType\": \"String\"                     },                     \"sink\": {                         \"name\": \"country\",                         \"type\": \"String\",                         \"physicalType\": \"String\"                     }                 }             ],             \"typeConversion\": true,             \"typeConversionSettings\": {                 \"allowDataTruncation\": true,                 \"treatBooleanAsNumber\": false             }         }"}},"annotations":[]},"dependsOn":["[concat(variables('factoryId'), '/datasets/ds_on_prem')]","[concat(variables('factoryId'), '/datasets/ds_datalake_brz')]"]},{"name":"[concat(parameters('factoryName'), '/ds_on_prem')]","type":"Microsoft.DataFactory/factories/datasets","apiVersion":"2018-06-01","properties":{"linkedServiceName":{"referenceName":"[parameters('FileServerPranav')]","type":"LinkedServiceReference"},"parameters":{"p_file_name":{"type":"string"}},"annotations":[],"type":"DelimitedText","typeProperties":{"location":{"type":"FileServerLocation","fileName":{"value":"@dataset().p_file_name","type":"Expression"}},"columnDelimiter":",","escapeChar":"\\","firstRowAsHeader":true,"quoteChar":"\""},"schema":[]},"dependsOn":[]},{"name":"[concat(parameters('factoryName'), '/ds_datalake_brz')]","type":"Microsoft.DataFactory/factories/datasets","apiVersion":"2018-06-01","properties":{"linkedServiceName":{"referenceName":"[parameters('ls_datalake')]","type":"LinkedServiceReference"},"parameters":{"p_filename":{"type":"string"}},"annotations":[],"type":"DelimitedText","typeProperties":{"location":{"type":"AzureBlobFSLocation","fileName":{"value":"@dataset().p_filename","type":"Expression"},"folderPath":"onprembrz","fileSystem":"bronzedata"},"columnDelimiter":",","escapeChar":"\\","firstRowAsHeader":true,"quoteChar":"\""},"schema":[]},"dependsOn":[]}]}