{"$schema":"http://schema.management.azure.com/schemas/2015-01-01/deploymentTemplate.json#","contentVersion":"1.0.0.0","parameters":{"factoryName":{"type":"string","metadata":"Data Factory name"},"Git Link":{"type":"string"},"ls_datalake":{"type":"string"},"AzureSqlDatabase1":{"type":"string"},"FileServerPranav":{"type":"string"}},"variables":{"factoryId":"[concat('Microsoft.DataFactory/factories/', parameters('factoryName'))]"},"resources":[{"name":"[concat(parameters('factoryName'), '/Parent_Pipeline')]","type":"Microsoft.DataFactory/factories/pipelines","apiVersion":"2018-06-01","properties":{"activities":[{"name":"Execute On Prem Files","type":"ExecutePipeline","dependsOn":[],"policy":{"secureInput":false},"userProperties":[],"typeProperties":{"pipeline":{"referenceName":"OnPremFiles_Migration","type":"PipelineReference"},"waitOnCompletion":true,"parameters":{"file_name":{"value":"@pipeline().parameters.file_name","type":"Expression"},"p_airline_mapping":{"value":"@pipeline().parameters.p_airline_mapping","type":"Expression"},"p_flight_mapping":{"value":"@pipeline().parameters.p_flight_mapping","type":"Expression"},"p_passenger_mapping":{"value":"@pipeline().parameters.p_passenger_mapping","type":"Expression"}}}},{"name":"Execute GIT","type":"ExecutePipeline","dependsOn":[{"activity":"Execute On Prem Files","dependencyConditions":["Succeeded"]}],"policy":{"secureInput":false},"userProperties":[],"typeProperties":{"pipeline":{"referenceName":"GIT_Data","type":"PipelineReference"},"waitOnCompletion":true,"parameters":{}}},{"name":"Execute SQL","type":"ExecutePipeline","dependsOn":[{"activity":"Execute GIT","dependencyConditions":["Succeeded"]}],"policy":{"secureInput":false},"userProperties":[],"typeProperties":{"pipeline":{"referenceName":"SQLDB_to_Datalake","type":"PipelineReference"},"waitOnCompletion":true,"parameters":{}}}],"policy":{"elapsedTimeMetric":{}},"parameters":{"file_name":{"type":"array","defaultValue":[{"file_name":"DimAirline.csv"},{"file_name":"DimFlight.csv"},{"file_name":"DimPassenger.csv"}]},"p_airline_mapping":{"type":"object","defaultValue":"{                     \"source\": {                         \"name\": \"airline_id\",                         \"type\": \"String\",                         \"physicalType\": \"String\"                     },                     \"sink\": {                         \"name\": \"airline_id\",                         \"type\": \"String\",                         \"physicalType\": \"String\"                     }                 },                 {                     \"source\": {                         \"name\": \"airline_name\",                         \"type\": \"String\",                         \"physicalType\": \"String\"                     },                     \"sink\": {                         \"name\": \"airline_name\",                         \"type\": \"String\",                         \"physicalType\": \"String\"                     }                 },                 {                     \"source\": {                         \"name\": \"country\",                         \"type\": \"String\",                         \"physicalType\": \"String\"                     },                     \"sink\": {                         \"name\": \"country\",                         \"type\": \"String\",                         \"physicalType\": \"String\"                     }                 }             ],             \"typeConversion\": true,             \"typeConversionSettings\": {                 \"allowDataTruncation\": true,                 \"treatBooleanAsNumber\": false             }         }     },     \"inputs\": [         {             \"referenceName\": \"ds_on_prem\",             \"type\": \"DatasetReference\",             \"parameters\": {                 \"p_file_name\": {                     \"value\": \"DimAirline.csv\",                     \"type\": \"Expression\"                 }             }         }"},"p_flight_mapping":{"type":"object","defaultValue":"{                     \"source\": {                         \"name\": \"flight_id\",                         \"type\": \"String\",                         \"physicalType\": \"String\"                     },                     \"sink\": {                         \"name\": \"flight_id\",                         \"type\": \"String\",                         \"physicalType\": \"String\"                     }                 },                 {                     \"source\": {                         \"name\": \"flight_number\",                         \"type\": \"String\",                         \"physicalType\": \"String\"                     },                     \"sink\": {                         \"name\": \"flight_number\",                         \"type\": \"String\",                         \"physicalType\": \"String\"                     }                 },                 {                     \"source\": {                         \"name\": \"departure_time\",                         \"type\": \"String\",                         \"physicalType\": \"String\"                     },                     \"sink\": {                         \"name\": \"departure_time\",                         \"type\": \"String\",                         \"physicalType\": \"String\"                     }                 },                 {                     \"source\": {                         \"name\": \"arrival_time\",                         \"type\": \"String\",                         \"physicalType\": \"String\"                     },                     \"sink\": {                         \"name\": \"arrival_time\",                         \"type\": \"String\",                         \"physicalType\": \"String\"                     }                 }             ],             \"typeConversion\": true,             \"typeConversionSettings\": {                 \"allowDataTruncation\": true,                 \"treatBooleanAsNumber\": false             }         }     },     \"inputs\": [         {             \"referenceName\": \"ds_on_prem\",             \"type\": \"DatasetReference\",             \"parameters\": {                 \"p_file_name\": {                     \"value\": \"DimFlight.csv\",                     \"type\": \"Expression\"                 }             }         }"},"p_passenger_mapping":{"type":"object","defaultValue":"{                     \"source\": {                         \"name\": \"passenger_id\",                         \"type\": \"String\",                         \"physicalType\": \"String\"                     },                     \"sink\": {                         \"name\": \"passenger_id\",                         \"type\": \"String\",                         \"physicalType\": \"String\"                     }                 },                 {                     \"source\": {                         \"name\": \"full_name\",                         \"type\": \"String\",                         \"physicalType\": \"String\"                     },                     \"sink\": {                         \"name\": \"full_name\",                         \"type\": \"String\",                         \"physicalType\": \"String\"                     }                 },                 {                     \"source\": {                         \"name\": \"gender\",                         \"type\": \"String\",                         \"physicalType\": \"String\"                     },                     \"sink\": {                         \"name\": \"gender\",                         \"type\": \"String\",                         \"physicalType\": \"String\"                     }                 },                 {                     \"source\": {                         \"name\": \"age\",                         \"type\": \"String\",                         \"physicalType\": \"String\"                     },                     \"sink\": {                         \"name\": \"age\",                         \"type\": \"String\",                         \"physicalType\": \"String\"                     }                 },                 {                     \"source\": {                         \"name\": \"country\",                         \"type\": \"String\",                         \"physicalType\": \"String\"                     },                     \"sink\": {                         \"name\": \"country\",                         \"type\": \"String\",                         \"physicalType\": \"String\"                     }                 }             ],             \"typeConversion\": true,             \"typeConversionSettings\": {                 \"allowDataTruncation\": true,                 \"treatBooleanAsNumber\": false             }         }"}},"annotations":[]},"dependsOn":["[concat(variables('factoryId'), '/pipelines/OnPremFiles_Migration')]","[concat(variables('factoryId'), '/pipelines/GIT_Data')]","[concat(variables('factoryId'), '/pipelines/SQLDB_to_Datalake')]"]},{"name":"[concat(parameters('factoryName'), '/OnPremFiles_Migration')]","type":"Microsoft.DataFactory/factories/pipelines","apiVersion":"2018-06-01","properties":{"activities":[{"name":"ForEachFile","type":"ForEach","dependsOn":[],"userProperties":[],"typeProperties":{"items":{"value":"@pipeline().parameters.file_name","type":"Expression"},"activities":[{"name":"OnPremMigrate","type":"Copy","dependsOn":[],"policy":{"timeout":"0.12:00:00","retry":1,"retryIntervalInSeconds":30,"secureOutput":false,"secureInput":false},"userProperties":[],"typeProperties":{"source":{"type":"DelimitedTextSource","storeSettings":{"type":"FileServerReadSettings","recursive":true,"enablePartitionDiscovery":false},"formatSettings":{"type":"DelimitedTextReadSettings"}},"sink":{"type":"DelimitedTextSink","storeSettings":{"type":"AzureBlobFSWriteSettings"},"formatSettings":{"type":"DelimitedTextWriteSettings","quoteAllText":true,"fileExtension":".txt"}},"enableStaging":false,"translator":{"value":"@if(equals(item().file_name,'DimAirline.csv'), pipeline().parameters.p_airline_mapping,if(equals(item().file_name, 'DimPassenger.csv'), pipeline().parameters.p_passenger_mapping, pipeline().parameters.p_flight_mapping))","type":"Expression"}},"inputs":[{"referenceName":"ds_on_prem","type":"DatasetReference","parameters":{"p_file_name":{"value":"@item().file_name","type":"Expression"}}}],"outputs":[{"referenceName":"ds_datalake_brz","type":"DatasetReference","parameters":{"p_filename":{"value":"@item().file_name","type":"Expression"}}}]}]}}],"policy":{"elapsedTimeMetric":{}},"parameters":{"file_name":{"type":"array","defaultValue":[{"file_name":"DimAirline.csv"},{"file_name":"DimFlight.csv"},{"file_name":"DimPassenger.csv"}]},"p_airline_mapping":{"type":"object","defaultValue":"{                     \"source\": {                         \"name\": \"airline_id\",                         \"type\": \"String\",                         \"physicalType\": \"String\"                     },                     \"sink\": {                         \"name\": \"airline_id\",                         \"type\": \"String\",                         \"physicalType\": \"String\"                     }                 },                 {                     \"source\": {                         \"name\": \"airline_name\",                         \"type\": \"String\",                         \"physicalType\": \"String\"                     },                     \"sink\": {                         \"name\": \"airline_name\",                         \"type\": \"String\",                         \"physicalType\": \"String\"                     }                 },                 {                     \"source\": {                         \"name\": \"country\",                         \"type\": \"String\",                         \"physicalType\": \"String\"                     },                     \"sink\": {                         \"name\": \"country\",                         \"type\": \"String\",                         \"physicalType\": \"String\"                     }                 }             ],             \"typeConversion\": true,             \"typeConversionSettings\": {                 \"allowDataTruncation\": true,                 \"treatBooleanAsNumber\": false             }         }     },     \"inputs\": [         {             \"referenceName\": \"ds_on_prem\",             \"type\": \"DatasetReference\",             \"parameters\": {                 \"p_file_name\": {                     \"value\": \"DimAirline.csv\",                     \"type\": \"Expression\"                 }             }         }"},"p_flight_mapping":{"type":"object","defaultValue":"{                     \"source\": {                         \"name\": \"flight_id\",                         \"type\": \"String\",                         \"physicalType\": \"String\"                     },                     \"sink\": {                         \"name\": \"flight_id\",                         \"type\": \"String\",                         \"physicalType\": \"String\"                     }                 },                 {                     \"source\": {                         \"name\": \"flight_number\",                         \"type\": \"String\",                         \"physicalType\": \"String\"                     },                     \"sink\": {                         \"name\": \"flight_number\",                         \"type\": \"String\",                         \"physicalType\": \"String\"                     }                 },                 {                     \"source\": {                         \"name\": \"departure_time\",                         \"type\": \"String\",                         \"physicalType\": \"String\"                     },                     \"sink\": {                         \"name\": \"departure_time\",                         \"type\": \"String\",                         \"physicalType\": \"String\"                     }                 },                 {                     \"source\": {                         \"name\": \"arrival_time\",                         \"type\": \"String\",                         \"physicalType\": \"String\"                     },                     \"sink\": {                         \"name\": \"arrival_time\",                         \"type\": \"String\",                         \"physicalType\": \"String\"                     }                 }             ],             \"typeConversion\": true,             \"typeConversionSettings\": {                 \"allowDataTruncation\": true,                 \"treatBooleanAsNumber\": false             }         }     },     \"inputs\": [         {             \"referenceName\": \"ds_on_prem\",             \"type\": \"DatasetReference\",             \"parameters\": {                 \"p_file_name\": {                     \"value\": \"DimFlight.csv\",                     \"type\": \"Expression\"                 }             }         }"},"p_passenger_mapping":{"type":"object","defaultValue":"{                     \"source\": {                         \"name\": \"passenger_id\",                         \"type\": \"String\",                         \"physicalType\": \"String\"                     },                     \"sink\": {                         \"name\": \"passenger_id\",                         \"type\": \"String\",                         \"physicalType\": \"String\"                     }                 },                 {                     \"source\": {                         \"name\": \"full_name\",                         \"type\": \"String\",                         \"physicalType\": \"String\"                     },                     \"sink\": {                         \"name\": \"full_name\",                         \"type\": \"String\",                         \"physicalType\": \"String\"                     }                 },                 {                     \"source\": {                         \"name\": \"gender\",                         \"type\": \"String\",                         \"physicalType\": \"String\"                     },                     \"sink\": {                         \"name\": \"gender\",                         \"type\": \"String\",                         \"physicalType\": \"String\"                     }                 },                 {                     \"source\": {                         \"name\": \"age\",                         \"type\": \"String\",                         \"physicalType\": \"String\"                     },                     \"sink\": {                         \"name\": \"age\",                         \"type\": \"String\",                         \"physicalType\": \"String\"                     }                 },                 {                     \"source\": {                         \"name\": \"country\",                         \"type\": \"String\",                         \"physicalType\": \"String\"                     },                     \"sink\": {                         \"name\": \"country\",                         \"type\": \"String\",                         \"physicalType\": \"String\"                     }                 }             ],             \"typeConversion\": true,             \"typeConversionSettings\": {                 \"allowDataTruncation\": true,                 \"treatBooleanAsNumber\": false             }         }"}},"annotations":[]},"dependsOn":["[concat(variables('factoryId'), '/datasets/ds_on_prem')]","[concat(variables('factoryId'), '/datasets/ds_datalake_brz')]"]},{"name":"[concat(parameters('factoryName'), '/GIT_Data')]","type":"Microsoft.DataFactory/factories/pipelines","apiVersion":"2018-06-01","properties":{"activities":[{"name":"WebTest","type":"WebActivity","dependsOn":[],"policy":{"timeout":"0.12:00:00","retry":0,"retryIntervalInSeconds":30,"secureOutput":false,"secureInput":false},"userProperties":[],"typeProperties":{"method":"GET","headers":{},"url":"https://raw.githubusercontent.com/anshlambagit/AnshLambaYoutube/refs/heads/main/ADF_Project/DimAirport.json"}},{"name":"GitLoad","type":"Copy","dependsOn":[{"activity":"WebTest","dependencyConditions":["Succeeded"]}],"policy":{"timeout":"0.12:00:00","retry":0,"retryIntervalInSeconds":30,"secureOutput":false,"secureInput":false},"userProperties":[],"typeProperties":{"source":{"type":"JsonSource","storeSettings":{"type":"HttpReadSettings","requestMethod":"GET"},"formatSettings":{"type":"JsonReadSettings"}},"sink":{"type":"JsonSink","storeSettings":{"type":"AzureBlobFSWriteSettings"},"formatSettings":{"type":"JsonWriteSettings"}},"enableStaging":false,"translator":{"type":"TabularTranslator","mappings":[{"source":{"path":"$['airport_id']"},"sink":{"path":"$['airport_id']"}},{"source":{"path":"$['airport_name']"},"sink":{"path":"$['airport_name']"}},{"source":{"path":"$['city']"},"sink":{"path":"$['city']"}},{"source":{"path":"$['country']"},"sink":{"path":"$['country']"}}]}},"inputs":[{"referenceName":"Json_GIT","type":"DatasetReference","parameters":{}}],"outputs":[{"referenceName":"Json_ADLS_Sink","type":"DatasetReference","parameters":{}}]}],"policy":{"elapsedTimeMetric":{}},"annotations":[]},"dependsOn":["[concat(variables('factoryId'), '/datasets/Json_GIT')]","[concat(variables('factoryId'), '/datasets/Json_ADLS_Sink')]"]},{"name":"[concat(parameters('factoryName'), '/SQLDB_to_Datalake')]","type":"Microsoft.DataFactory/factories/pipelines","apiVersion":"2018-06-01","properties":{"activities":[{"name":"SQLDataLoad","type":"Copy","dependsOn":[{"activity":"lastloadlookup","dependencyConditions":["Succeeded"]},{"activity":"MaxBookingDate","dependencyConditions":["Succeeded"]}],"policy":{"timeout":"0.12:00:00","retry":0,"retryIntervalInSeconds":30,"secureOutput":false,"secureInput":false},"userProperties":[],"typeProperties":{"source":{"type":"AzureSqlSource","sqlReaderQuery":{"value":"select * from dbo.FactBookings \nwhere booking_date > '@{activity('lastloadlookup').output.firstRow.lastload}'\nand booking_date <= '@{activity('MaxBookingDate').output.firstRow.MAX_DATE}'","type":"Expression"},"queryTimeout":"02:00:00","partitionOption":"None"},"sink":{"type":"ParquetSink","storeSettings":{"type":"AzureBlobFSWriteSettings"},"formatSettings":{"type":"ParquetWriteSettings"}},"enableStaging":false,"translator":{"type":"TabularTranslator","typeConversion":true,"typeConversionSettings":{"allowDataTruncation":true,"treatBooleanAsNumber":false}}},"inputs":[{"referenceName":"AzureSqlTable1","type":"DatasetReference","parameters":{}}],"outputs":[{"referenceName":"parquet_SQL_dump","type":"DatasetReference","parameters":{}}]},{"name":"lastloadlookup","type":"Lookup","dependsOn":[],"policy":{"timeout":"0.12:00:00","retry":0,"retryIntervalInSeconds":30,"secureOutput":false,"secureInput":false},"userProperties":[],"typeProperties":{"source":{"type":"JsonSource","storeSettings":{"type":"AzureBlobFSReadSettings","recursive":true,"enablePartitionDiscovery":false},"formatSettings":{"type":"JsonReadSettings"}},"dataset":{"referenceName":"LastLoadJSON","type":"DatasetReference","parameters":{}},"firstRowOnly":true}},{"name":"MaxBookingDate","type":"Lookup","dependsOn":[],"policy":{"timeout":"0.12:00:00","retry":0,"retryIntervalInSeconds":30,"secureOutput":false,"secureInput":false},"userProperties":[],"typeProperties":{"source":{"type":"AzureSqlSource","sqlReaderQuery":"SELECT MAX(booking_date) as MAX_DATE from dbo.FactBookings","queryTimeout":"02:00:00","partitionOption":"None"},"dataset":{"referenceName":"AzureSqlTable1","type":"DatasetReference","parameters":{}}}},{"name":"Watermark","type":"Copy","dependsOn":[{"activity":"SQLDataLoad","dependencyConditions":["Succeeded"]}],"policy":{"timeout":"0.12:00:00","retry":0,"retryIntervalInSeconds":30,"secureOutput":false,"secureInput":false},"userProperties":[],"typeProperties":{"source":{"type":"JsonSource","additionalColumns":[{"name":"lastload","value":{"value":"@activity('MaxBookingDate').output.firstRow.MAX_DATE","type":"Expression"}}],"storeSettings":{"type":"AzureBlobFSReadSettings","recursive":true,"enablePartitionDiscovery":false},"formatSettings":{"type":"JsonReadSettings"}},"sink":{"type":"JsonSink","storeSettings":{"type":"AzureBlobFSWriteSettings"},"formatSettings":{"type":"JsonWriteSettings"}},"enableStaging":false},"inputs":[{"referenceName":"Json_empty","type":"DatasetReference","parameters":{}}],"outputs":[{"referenceName":"LastLoadJSON","type":"DatasetReference","parameters":{}}]}],"policy":{"elapsedTimeMetric":{}},"annotations":[]},"dependsOn":["[concat(variables('factoryId'), '/datasets/AzureSqlTable1')]","[concat(variables('factoryId'), '/datasets/parquet_SQL_dump')]","[concat(variables('factoryId'), '/datasets/LastLoadJSON')]","[concat(variables('factoryId'), '/datasets/Json_empty')]"]},{"name":"[concat(parameters('factoryName'), '/Json_GIT')]","type":"Microsoft.DataFactory/factories/datasets","apiVersion":"2018-06-01","properties":{"linkedServiceName":{"referenceName":"[parameters('Git Link')]","type":"LinkedServiceReference"},"annotations":[],"type":"Json","typeProperties":{"location":{"type":"HttpServerLocation","relativeUrl":"anshlambagit/AnshLambaYoutube/refs/heads/main/ADF_Project/DimAirport.json"}},"schema":{}},"dependsOn":[]},{"name":"[concat(parameters('factoryName'), '/Json_ADLS_Sink')]","type":"Microsoft.DataFactory/factories/datasets","apiVersion":"2018-06-01","properties":{"linkedServiceName":{"referenceName":"[parameters('ls_datalake')]","type":"LinkedServiceReference"},"annotations":[],"type":"Json","typeProperties":{"location":{"type":"AzureBlobFSLocation","folderPath":"git_onprem","fileSystem":"bronzedata"}},"schema":{}},"dependsOn":[]},{"name":"[concat(parameters('factoryName'), '/AzureSqlTable1')]","type":"Microsoft.DataFactory/factories/datasets","apiVersion":"2018-06-01","properties":{"linkedServiceName":{"referenceName":"[parameters('AzureSqlDatabase1')]","type":"LinkedServiceReference"},"annotations":[],"type":"AzureSqlTable","schema":[{"name":"booking_id","type":"int","precision":10},{"name":"passenger_id","type":"int","precision":10},{"name":"flight_id","type":"int","precision":10},{"name":"airline_id","type":"int","precision":10},{"name":"origin_airport_id","type":"int","precision":10},{"name":"destination_airport_id","type":"int","precision":10},{"name":"booking_date","type":"date"},{"name":"ticket_cost","type":"decimal","precision":10,"scale":2},{"name":"flight_duration_mins","type":"int","precision":10},{"name":"checkin_status","type":"varchar"}],"typeProperties":{"schema":"dbo","table":"FactBookings"}},"dependsOn":[]},{"name":"[concat(parameters('factoryName'), '/parquet_SQL_dump')]","type":"Microsoft.DataFactory/factories/datasets","apiVersion":"2018-06-01","properties":{"linkedServiceName":{"referenceName":"[parameters('ls_datalake')]","type":"LinkedServiceReference"},"annotations":[],"type":"Parquet","typeProperties":{"location":{"type":"AzureBlobFSLocation","folderPath":"SQL_OP","fileSystem":"bronzedata"},"compressionCodec":"snappy"},"schema":[]},"dependsOn":[]},{"name":"[concat(parameters('factoryName'), '/LastLoadJSON')]","type":"Microsoft.DataFactory/factories/datasets","apiVersion":"2018-06-01","properties":{"linkedServiceName":{"referenceName":"[parameters('ls_datalake')]","type":"LinkedServiceReference"},"annotations":[],"type":"Json","typeProperties":{"location":{"type":"AzureBlobFSLocation","fileName":"lastload.json","folderPath":"monitor","fileSystem":"bronzedata"}},"schema":{"type":"object","properties":{"lastload":{"type":"string"}}}},"dependsOn":[]},{"name":"[concat(parameters('factoryName'), '/Json_empty')]","type":"Microsoft.DataFactory/factories/datasets","apiVersion":"2018-06-01","properties":{"linkedServiceName":{"referenceName":"[parameters('ls_datalake')]","type":"LinkedServiceReference"},"annotations":[],"type":"Json","typeProperties":{"location":{"type":"AzureBlobFSLocation","fileName":"empty.json","folderPath":"monitor","fileSystem":"bronzedata"}},"schema":{"type":"object","properties":{}}},"dependsOn":[]},{"name":"[concat(parameters('factoryName'), '/ds_on_prem')]","type":"Microsoft.DataFactory/factories/datasets","apiVersion":"2018-06-01","properties":{"linkedServiceName":{"referenceName":"[parameters('FileServerPranav')]","type":"LinkedServiceReference"},"parameters":{"p_file_name":{"type":"string"}},"annotations":[],"type":"DelimitedText","typeProperties":{"location":{"type":"FileServerLocation","fileName":{"value":"@dataset().p_file_name","type":"Expression"}},"columnDelimiter":",","escapeChar":"\\","firstRowAsHeader":true,"quoteChar":"\""},"schema":[]},"dependsOn":[]},{"name":"[concat(parameters('factoryName'), '/ds_datalake_brz')]","type":"Microsoft.DataFactory/factories/datasets","apiVersion":"2018-06-01","properties":{"linkedServiceName":{"referenceName":"[parameters('ls_datalake')]","type":"LinkedServiceReference"},"parameters":{"p_filename":{"type":"string"}},"annotations":[],"type":"DelimitedText","typeProperties":{"location":{"type":"AzureBlobFSLocation","fileName":{"value":"@dataset().p_filename","type":"Expression"},"folderPath":"onprembrz","fileSystem":"bronzedata"},"columnDelimiter":",","escapeChar":"\\","firstRowAsHeader":true,"quoteChar":"\""},"schema":[]},"dependsOn":[]}]}